session_id,pipeline_variant,processed,samples,valid_deviation_samples,mean_dev_m,p95_dev_m,max_dev_m,rms_jerk,smoothness_index,max_speed,max_accel
052f8a05-916d-4300-badf-aa80d38d1c6d,median_only,True,77,77,0.3468660500713142,1.2305855172405016,2.1708261067574006,36529.935840968574,-9.125297818886589,62.50621023338564,1549.2344760341052
052f8a05-916d-4300-badf-aa80d38d1c6d,kalman_without_rts,True,77,77,0.4264191866354547,1.4903347285114743,2.2712258433929873,22272.940664850794,-8.695555120211436,53.3972403153908,1191.740236000819
052f8a05-916d-4300-badf-aa80d38d1c6d,kalman_plus_rts_without_despiking,True,77,77,1.1263151961555413,1.8864307680053998,2.0792707156098578,4.32468367714155,-1.2719086942394833,0.6680657444416671,0.1992241058476063
052f8a05-916d-4300-badf-aa80d38d1c6d,full_pipeline,True,77,77,0.02831800760655447,0.03475914840134624,0.03517082919548226,27075.80695569777,-8.865162818032145,59.638267230250094,1502.9341678972028
0de5883a-0f0b-4e36-aa9d-2115230940b7,median_only,True,69,69,0.3313653695587635,1.0883897684250912,2.4248602543357993,44931.34381988286,-9.305098815589446,57.13685464200839,2856.415380054104
0de5883a-0f0b-4e36-aa9d-2115230940b7,kalman_without_rts,True,69,69,0.39139121639415875,1.2535730867628816,2.482989587522224,24659.77761030303,-8.78397831134394,40.008897849604416,1768.024109563862
0de5883a-0f0b-4e36-aa9d-2115230940b7,kalman_plus_rts_without_despiking,True,69,69,0.8248468024201131,1.3306598719221565,2.304105778390718,6.933503004918449,-1.6819054162254816,1.3307047478892136,0.39683059210400273
0de5883a-0f0b-4e36-aa9d-2115230940b7,full_pipeline,True,69,69,0.019535246930207837,0.02573395891779082,0.026041255223829687,42592.766965198294,-9.258671708355243,62.104440847319616,2694.282631628949
