session_id,samples,mean_dev_m,median_dev_m,p90_dev_m,p95_dev_m,p99_dev_m,max_dev_m,rms_jerk,frames_dev_over_3cm,frames_dev_over_5cm
052f8a05-916d-4300-badf-aa80d38d1c6d,75,0.02832005684995525,0.030757959479622246,0.03433451255030207,0.034762448835334234,0.0350156020765673,0.035170829195482055,35253.7633909242,47,0
0de5883a-0f0b-4e36-aa9d-2115230940b7,19,0.018459711762619208,0.019126579392293137,0.02029064167043437,0.020292407413309056,0.02029424719424526,0.020294707139479312,1849.6473931558244,0,0
